item_category_name,tag_name
PC - Гарнитуры/Наушники,Аксессуары
Аксессуары - PS2,Аксессуары
Аксессуары - PS2,PlayStation
Аксессуары - PS3,Аксессуары
Аксессуары - PS3,PlayStation
Аксессуары - PS4,Аксессуары
Аксессуары - PS4,PlayStation
Аксессуары - PSP,Аксессуары
Аксессуары - PSP,PlayStation
Аксессуары - PSVita,Аксессуары
Аксессуары - PSVita,PlayStation
Аксессуары - XBOX 360,Аксессуары
Аксессуары - XBOX 360,XBOX
Аксессуары - XBOX ONE,Аксессуары
Аксессуары - XBOX ONE,XBOX
Игровые консоли - PS2,Консоль
Игровые консоли - PS2,PlayStation
Игровые консоли - PS3,Консоль
Игровые консоли - PS3,PlayStation
Игровые консоли - PS4,Консоль
Игровые консоли - PS4,PlayStation
Игровые консоли - PSP,Консоль
Игровые консоли - PSP,PlayStation
Игровые консоли - PSVita,Консоль
Игровые консоли - PSVita,PlayStation
Игровые консоли - XBOX 360,Консоль
Игровые консоли - XBOX 360,XBOX
Игровые консоли - XBOX ONE,Консоль
Игровые консоли - XBOX ONE,XBOX
Игровые консоли - Прочие,Консоль
Игры - PS2,Консольные игры
Игры - PS2,PlayStation
Игры - PS3,Консольные игры
Игры - PS3,PlayStation
Игры - PS4,Консольные игры
Игры - PS4,PlayStation
Игры - PSP,Консольные игры
Игры - PSP,PlayStation
Игры - PSVita,Консольные игры
Игры - PSVita,PlayStation
Игры - XBOX 360,Консольные игры
Игры - XBOX 360,XBOX
Игры - XBOX ONE,Консольные игры
Игры - XBOX ONE,XBOX
Игры - Аксессуары для игр,Аксессуары
Игры - Аксессуары для игр,Игры
Игры Android - Цифра,PC игры
Игры Android - Цифра,Цифровая версия
Игры MAC - Цифра,PC игры
Игры MAC - Цифра,Цифровая версия
Игры PC - Дополнительные издания,PC игры
Игры PC - Дополнительные издания,Физический носитель
Игры PC - Коллекционные издания,PC игры
Игры PC - Коллекционные издания,Физический носитель
Игры PC - Стандартные издания,PC игры
Игры PC - Стандартные издания,Физический носитель
Игры PC - Цифра,PC игры
Игры PC - Цифра,Цифровая версия
"Карты оплаты (Кино, Музыка, Игры)",Карты оплаты
"Карты оплаты (Кино, Музыка, Игры)",Цифровая версия
Карты оплаты - Live!,Карты оплаты
Карты оплаты - Live!,Цифровая версия
Карты оплаты - Live! (Цифра),Карты оплаты
Карты оплаты - Live! (Цифра),Цифровая версия
Карты оплаты - PSN,Карты оплаты
Карты оплаты - PSN,Цифровая версия
Карты оплаты - PSN,PlayStation
Карты оплаты - Windows (Цифра),Карты оплаты
Карты оплаты - Windows (Цифра),Цифровая версия
Кино - Blu-Ray,Кино
Кино - Blu-Ray,Физический носитель
Кино - Blu-Ray 3D,Кино
Кино - Blu-Ray 3D,Физический носитель
Кино - Blu-Ray 4K,Кино
Кино - Blu-Ray 4K,Физический носитель
Кино - DVD,Кино
Кино - DVD,Физический носитель
Кино - Коллекционное,Кино
Кино - Коллекционное,Физический носитель
"Книги - Артбуки, энциклопедии",Книги
"Книги - Артбуки, энциклопедии",Физический носитель
Книги - Аудиокниги,Книги
Книги - Аудиокниги,Физический носитель
Книги - Аудиокниги (Цифра),Книги
Книги - Аудиокниги (Цифра),Цифровая версия
Книги - Аудиокниги 1С,Книги
Книги - Аудиокниги 1С,Физический носитель
Книги - Бизнес литература,Книги
Книги - Бизнес литература,Физический носитель
"Книги - Комиксы, манга",Книги
"Книги - Комиксы, манга",Физический носитель
Книги - Компьютерная литература,Книги
Книги - Компьютерная литература,Физический носитель
Книги - Методические материалы 1С,Книги
Книги - Методические материалы 1С,Физический носитель
Книги - Открытки,Книги
Книги - Открытки,Физический носитель
Книги - Познавательная литература,Книги
Книги - Познавательная литература,Физический носитель
Книги - Путеводители,Книги
Книги - Путеводители,Физический носитель
Книги - Художественная литература,Книги
Книги - Художественная литература,Физический носитель
Книги - Цифра,Книги
Книги - Цифра,Цифровая версия
Музыка - CD локального производства,Музыка
Музыка - CD локального производства,Физический носитель
Музыка - CD фирменного производства,Музыка
Музыка - CD фирменного производства,Физический носитель
Музыка - MP3,Музыка
Музыка - MP3,Цифровая версия
Музыка - Винил,Музыка
Музыка - Винил,Физический носитель
Музыка - Музыкальное видео,Музыка
Музыка - Музыкальное видео,Физический носитель
Музыка - Подарочные издания,Музыка
Музыка - Подарочные издания,Физический носитель
Подарки - Атрибутика,Подарки
"Подарки - Гаджеты, роботы, спорт",Подарки
Подарки - Мягкие игрушки,Подарки
Подарки - Настольные игры,Подарки
Подарки - Настольные игры (компактные),Подарки
"Подарки - Открытки, наклейки",Подарки
Подарки - Развитие,Подарки
"Подарки - Сертификаты, услуги",Подарки
Подарки - Сувениры,Подарки
Подарки - Сувениры (в навеску),Подарки
"Подарки - Сумки, Альбомы, Коврики д/мыши",Подарки
Подарки - Фигурки,Подарки
Программы - 1С:Предприятие 8,Программы
Программы - 1С:Предприятие 8,Физический носитель
Программы - MAC (Цифра),Программы
Программы - MAC (Цифра),Цифровая версия
Программы - Для дома и офиса,Программы
Программы - Для дома и офиса,Физический носитель
Программы - Для дома и офиса (Цифра),Программы
Программы - Для дома и офиса (Цифра),Цифровая версия
Программы - Обучающие,Программы
Программы - Обучающие,Физический носитель
Программы - Обучающие (Цифра),Программы
Программы - Обучающие (Цифра),Цифровая версия
Чистые носители (шпиль),Расходники
Чистые носители (шпиль),Физический носитель
Чистые носители (штучные),Расходники
Чистые носители (штучные),Физический носитель
Элементы питания,Расходники
